phenotype,t_stat,p_value
Phenotype_A,125.81531296760492,0.0
Phenotype_B,-612.2304614555765,0.0
Phenotype_C,-129.29057422671738,0.0
Phenotype_D,454.70409785658177,0.0
Phenotype_E,-796.6133867609217,0.0
